City,Country,Date,Lat,Lng,Cloudiness,Humidity,Max Temp,Wind Speed
marsa matruh,EG,1572018225,31.35,27.25,0,72,74.8,21.03
neyveli,IN,1572018226,11.54,79.48,67,79,78.22,4.72
novaya lyalya,RU,1572018226,59.05,60.6,99,92,37.9,5.14
atambua,ID,1572018226,-9.11,124.89,100,83,71.35,4.29
atuona,PF,1572017632,-9.8,-139.03,14,70,78.94,8.41
batagay-alyta,RU,1572018226,67.8,130.41,73,72,-0.26,2.77
chihuahua,MX,1572018227,28.66,-106.08,5,60,48.0,9.17
cidreira,BR,1572018227,-30.17,-50.22,0,76,67.6,14.81
petropavlovsk-kamchatskiy,RU,1572018227,53.05,158.65,0,79,26.6,6.71
la ronge,CA,1572017633,55.1,-105.3,20,94,33.8,5.82
yellowknife,CA,1572017554,62.45,-114.38,75,79,23.0,16.11
porbandar,IN,1572017633,21.64,69.61,100,56,85.41,15.1
provideniya,RU,1572017634,64.42,-173.23,98,72,15.85,4.14
leningradskiy,RU,1572017634,69.38,178.42,100,76,21.27,29.21
avarua,CK,1572018123,-21.21,-159.78,100,83,73.4,10.29
vaini,IN,1572018228,15.34,74.49,99,98,69.39,8.63
concordia,AR,1572018198,-31.4,-58.02,0,36,81.0,5.82
airai,TL,1572018228,-8.93,125.41,100,64,63.84,4.14
rikitea,PF,1572018228,-23.12,-134.97,100,84,71.85,21.63
mataura,NZ,1572018228,-46.19,168.86,75,96,38.52,2.66
carnarvon,ZA,1572018229,-30.97,22.13,100,31,69.17,20.0
half moon bay,US,1572017969,37.46,-122.43,1,13,78.8,5.82
norman wells,CA,1572018229,65.28,-126.83,90,92,26.6,2.24
teknaf,BD,1572018229,20.86,92.31,100,92,74.77,1.16
lebu,ET,1572018229,8.96,38.73,10,37,68.0,12.75
omsukchan,RU,1572018229,62.53,155.8,82,88,4.24,7.29
channel-port aux basques,CA,1572018229,47.57,-59.14,33,85,47.53,17.38
okhotsk,RU,1572018229,59.36,143.24,100,84,23.7,5.99
camocim,BR,1572018230,-2.9,-40.84,0,26,100.09,7.61
belaya gora,RU,1572017972,68.54,146.19,0,90,-9.69,3.89
hobart,AU,1572017957,-42.88,147.33,0,64,53.6,23.04
puerto ayora,EC,1572018230,-0.74,-90.35,75,64,75.2,17.22
coueron,FR,1572018230,47.22,-1.72,90,68,64.4,9.17
hovd,NO,1572018230,63.83,10.7,75,81,45.0,19.46
isangel,VU,1572018230,-19.55,169.27,20,82,68.0,18.21
barahona,DO,1572018230,18.21,-71.1,75,74,86.0,5.82
yerbogachen,RU,1572018231,61.28,108.01,99,97,26.73,4.61
dingle,PH,1572018231,11.0,122.67,1,89,75.76,7.63
ushuaia,AR,1572018181,-54.81,-68.31,20,34,53.6,19.46
nikolskoye,RU,1572018231,59.7,30.79,40,66,55.4,11.18
touros,BR,1572017985,-5.2,-35.46,40,40,89.6,19.46
buritis,BR,1572018231,-15.62,-46.42,100,43,88.21,3.38
faanui,PF,1572018232,-16.48,-151.75,62,69,79.02,12.48
port lincoln,AU,1572018232,-34.72,135.86,2,68,53.8,18.61
busselton,AU,1572018232,-33.64,115.35,0,67,55.99,9.84
paracuru,BR,1572018232,-3.41,-39.03,40,48,87.8,21.92
torbay,CA,1572017963,47.66,-52.73,75,81,53.01,14.99
bathsheba,BB,1572018232,13.22,-59.52,40,58,87.8,16.11
kapaa,US,1572018232,22.08,-159.32,40,83,73.4,9.17
boma,GH,1572018233,7.08,-2.17,64,54,88.05,2.62
punta arenas,CL,1572018233,-53.16,-70.91,100,57,53.6,11.41
port said,EG,1572018233,25.34,30.55,0,23,81.95,9.55
zhaoyuan,CN,1572018233,45.52,125.08,0,63,31.3,6.51
qaanaaq,GL,1572018233,77.48,-69.36,100,85,31.66,15.19
sao filipe,CV,1572018233,14.9,-24.5,100,79,75.43,6.38
oranjestad,AW,1572018233,12.52,-70.03,20,66,87.8,17.22
kodiak,US,1572017957,39.95,-94.76,1,75,46.99,6.93
kijang,KR,1572018233,35.24,129.21,100,88,62.6,2.24
crotone,IT,1572018234,39.09,17.12,20,73,71.6,8.05
flinders,AU,1572018234,-34.58,150.85,100,41,75.99,17.22
arraial do cabo,BR,1572018234,-22.97,-42.02,20,69,84.2,19.46
nouakchott,MR,1572018234,18.08,-15.98,7,55,87.8,9.17
east london,ZA,1572018234,-33.02,27.91,100,49,73.4,6.93
maniitsoq,GL,1572018018,65.42,-52.9,100,68,36.09,21.81
zhezkazgan,KZ,1572018234,47.8,67.71,75,66,50.0,4.47
cap malheureux,MU,1572018234,-19.98,57.61,75,83,77.0,9.17
hualmay,PE,1572018234,-11.1,-77.61,14,52,71.08,8.3
cape town,ZA,1572018227,-33.93,18.42,75,100,62.01,8.05
saint anthony,US,1572018235,43.97,-111.68,1,74,34.0,3.36
khatanga,RU,1572018235,71.98,102.47,13,84,13.71,13.82
el sauzal,AR,1572018235,-24.3,-64.96,40,30,86.0,9.17
hermanus,ZA,1572018235,-34.42,19.24,100,99,55.99,2.44
chuy,UY,1572017963,-33.69,-53.46,0,56,71.8,6.44
ribeira grande,PT,1572018236,38.52,-28.7,40,73,69.8,9.17
ngunguru,NZ,1572018236,-35.62,174.5,2,88,48.0,5.99
verkhnevilyuysk,RU,1572018236,63.45,120.31,15,93,17.31,6.13
vardo,US,1572018236,39.62,-77.74,1,66,60.8,2.04
castro,CL,1572017955,-42.48,-73.76,90,100,51.8,11.41
albany,US,1572018237,42.65,-73.75,75,66,55.99,3.36
new norfolk,AU,1572017956,-42.78,147.06,26,81,53.6,23.04
port alfred,ZA,1572018237,-33.59,26.89,100,74,69.01,3.0
mar del plata,AR,1572017955,-46.43,-67.52,100,32,60.69,5.53
atocha,AR,1572018237,-24.82,-65.48,40,34,86.0,8.05
saint george,GR,1572017971,39.45,22.34,0,60,77.0,5.82
namibe,AO,1572017960,-15.19,12.15,40,65,77.0,9.17
bambous virieux,MU,1572018237,-20.34,57.76,75,83,77.0,9.17
ilulissat,GL,1572018237,69.22,-51.1,40,40,37.4,13.87
vao,EE,1572017973,59.1,26.19,100,91,52.56,11.5
thompson,CA,1572018238,55.74,-97.86,75,86,33.8,5.82
barrow,AR,1572018238,-38.31,-60.23,0,35,75.78,13.76
banjar,ID,1572018238,-7.37,108.54,30,88,73.8,1.03
sechura,PE,1572018238,-5.56,-80.82,11,86,62.65,7.63
faya,SA,1572018238,18.39,42.45,40,72,68.0,12.75
manggar,ID,1572018238,-2.88,108.27,100,80,81.72,9.89
port victoria,AU,1572018238,-34.5,137.49,53,69,57.63,27.87
bilopillya,UA,1572018238,51.15,34.31,0,70,52.59,2.26
bluff,AU,1572018239,-23.58,149.07,0,76,64.81,9.51
salalah,OM,1572018239,17.01,54.1,14,70,84.2,4.7
cherskiy,RU,1572017957,68.75,161.3,95,88,-0.35,9.62
souillac,FR,1572018239,45.6,-0.6,40,64,68.0,5.82
grindavik,IS,1572018239,63.84,-22.43,75,64,33.8,32.21
waipawa,NZ,1572018239,-39.94,176.59,89,91,42.01,1.9
kruisfontein,ZA,1572018239,-34.0,24.73,100,70,64.47,5.95
kavieng,PG,1572018239,-2.57,150.8,91,76,83.97,8.9
hilo,US,1572018239,19.71,-155.08,1,56,71.6,8.05
isiro,CD,1572018240,2.77,27.62,70,92,76.08,3.85
tasiilaq,GL,1572018240,65.61,-37.64,20,62,24.8,11.41
berlevag,NO,1572018240,70.86,29.09,75,92,33.8,28.86
cayenne,GF,1572018240,4.94,-52.33,20,52,91.4,8.05
vestmannaeyjar,IS,1572018240,63.44,-20.27,50,60,33.8,40.26
kupang,ID,1572018240,-10.16,123.6,20,74,78.8,9.17
saint-philippe,CA,1572018241,45.36,-73.48,40,75,50.0,7.61
kavaratti,IN,1572018241,10.57,72.64,21,79,82.85,23.96
coquimbo,CL,1572018241,-29.95,-71.34,47,72,60.8,19.46
talcahuano,CL,1572018015,-36.72,-73.12,100,67,59.0,10.29
serafimovich,RU,1572018242,49.58,42.73,0,91,51.01,5.01
hasaki,JP,1572018243,35.73,140.83,75,93,60.8,14.99
adrar,DZ,1572018245,27.87,-0.29,0,15,82.4,11.41
bayangol,MN,1572018245,48.91,106.09,49,68,23.81,5.68
karonga,MW,1572018245,-9.94,33.93,0,46,87.67,14.45
erenhot,CN,1572018245,43.65,111.97,0,58,34.83,13.18
jamestown,AU,1572018182,-33.21,138.6,55,76,48.42,18.54
jinsha,CN,1572018246,24.49,118.41,0,60,73.4,6.71
bredasdorp,ZA,1572018246,-34.53,20.04,100,87,57.2,6.93
ixtapa,MX,1572018246,20.71,-105.21,40,83,84.0,1.07
jinxiang,CN,1572018246,35.07,116.31,98,31,49.37,6.76
okha,RU,1572018247,53.59,142.95,57,82,40.84,15.05
butaritari,KI,1572018247,3.07,172.79,100,71,83.07,2.48
beyneu,KZ,1572018247,45.32,55.19,0,31,56.77,9.04
georgetown,GY,1572018191,6.8,-58.16,75,66,89.6,6.93
hithadhoo,MV,1572018247,-0.6,73.08,100,82,80.33,16.69
calhoun,US,1572018247,34.5,-84.95,90,93,64.0,9.17
teguise,ES,1572018248,29.06,-13.56,100,73,73.4,4.7
lagoa,PT,1572018248,37.14,-8.45,98,64,73.99,12.75
saint-pierre,FR,1572018248,48.95,4.24,75,77,64.4,12.75
pangnirtung,CA,1572018248,66.15,-65.72,90,80,39.2,12.75
pisco,PE,1572018248,-13.71,-76.2,40,30,71.6,8.05
corrales,CO,1572018248,5.83,-72.84,99,59,62.19,3.29
narsaq,GL,1572018248,60.91,-46.05,75,47,35.6,4.7
kenora,CA,1572018248,49.76,-94.48,75,75,41.0,13.87
port elizabeth,US,1572018249,39.31,-74.98,1,82,66.0,4.7
kysyl-syr,RU,1572018249,63.9,122.77,100,92,13.41,7.67
sitka,US,1572018249,37.17,-99.65,0,50,42.01,5.99
tuktoyaktuk,CA,1572018249,69.44,-133.03,90,79,19.4,5.82
ambulu,ID,1572018249,-8.35,113.61,11,84,78.96,7.07
fortuna,US,1572018249,40.6,-124.16,1,54,55.4,10.29
luau,CD,1572018250,-10.7,22.23,100,69,79.97,4.03
araceli,PH,1572018250,10.55,119.99,0,76,84.58,16.89
trinidad,BO,1572018250,-14.83,-64.9,75,66,89.6,9.17
newport,GB,1572017998,51.59,-3.0,100,93,61.0,16.11
esperance,AU,1572018250,-33.86,121.89,90,93,53.6,9.44
kalmunai,LK,1572018043,7.42,81.82,100,73,82.26,9.1
shakawe,BW,1572018252,-18.36,21.84,100,16,100.0,4.99
fenyi,CN,1572018252,27.82,114.69,100,90,58.21,1.21
fuerte,PH,1572018252,17.54,120.36,0,84,72.93,5.59
barra do corda,BR,1572018252,-5.5,-45.25,43,41,94.41,8.66
zhangjiakou,CN,1572018252,40.77,114.88,0,49,30.18,2.51
nacala,MZ,1572018252,-14.56,40.69,0,74,80.96,10.04
nantucket,US,1572018252,41.28,-70.1,1,82,63.0,11.41
port hawkesbury,CA,1572018252,45.62,-61.36,1,71,57.0,17.22
pevek,RU,1572018252,69.7,170.27,100,94,14.04,6.58
cabo san lucas,MX,1572017970,22.89,-109.91,5,64,79.0,4.7
ranau,MY,1572018253,5.95,116.67,75,88,78.8,3.36
borovskoy,KZ,1572018253,53.8,64.15,100,83,41.65,7.9
galesong,ID,1572018253,-5.32,119.37,20,74,82.4,4.7
bogoslovka,RU,1572018253,56.8,86.72,85,87,26.33,9.86
sioux lookout,CA,1572018253,50.1,-91.92,75,74,37.4,12.75
luganville,VU,1572018253,-15.51,167.18,100,94,69.94,3.83
malanje,AO,1572018254,-9.54,16.35,85,72,74.64,6.31
costa rica,MX,1572018254,24.59,-107.39,5,83,81.0,3.29
upernavik,GL,1572018254,72.79,-56.15,100,65,34.18,9.24
zhigalovo,RU,1572018254,54.81,105.15,92,69,29.34,2.77
dikson,RU,1572018254,73.51,80.55,92,92,17.19,5.86
sao joao da barra,BR,1572018255,-21.64,-41.05,40,55,86.0,11.41
stokmarknes,NO,1572018255,68.56,14.91,75,84,41.0,6.93
tazovskiy,RU,1572018255,67.47,78.7,100,93,22.19,15.64
dunedin,NZ,1572018255,-45.87,170.5,98,78,48.0,8.99
bratsk,RU,1572018255,56.15,101.63,40,69,37.0,2.24
rio grande,BR,1572018248,-32.03,-52.1,0,41,77.0,4.7
panaba,MX,1572018256,21.28,-88.27,33,70,84.16,9.35
ambanja,MG,1572018256,-13.68,48.45,20,62,84.2,6.93
fairbanks,US,1572018052,64.84,-147.72,90,100,28.99,4.85
buraydah,SA,1572018256,26.33,43.97,0,37,86.0,9.17
gwadar,PK,1572018256,25.12,62.33,0,56,86.23,7.99
yalta,UA,1572018257,46.96,37.27,0,64,59.56,2.39
mount isa,AU,1572018257,-20.73,139.49,14,28,71.6,2.24
nanakuli,US,1572018257,21.39,-158.15,20,100,78.8,2.28
verkhnyaya toyma,RU,1572018258,62.24,45.0,100,88,45.18,8.12
miandrivazo,MG,1572018258,-19.53,45.46,17,33,94.55,22.57
rakoshyno,UA,1572018258,48.47,22.6,0,52,69.8,4.47
lazaro cardenas,MX,1572018258,28.39,-105.62,5,60,48.0,9.17
nemuro,JP,1572018258,43.32,145.57,100,75,52.25,20.47
gondanglegi,ID,1572018258,-7.75,112.01,22,94,72.3,4.5
osorno,CL,1572018053,-40.57,-73.14,90,82,57.2,11.41
yar-sale,RU,1572018259,66.83,70.83,57,84,18.64,15.41
saldanha,PT,1572017964,41.42,-6.55,87,42,68.4,5.08
putatan,MY,1572018259,5.88,116.05,75,88,78.8,3.36
viedma,AR,1572017971,-40.81,-62.99,5,45,68.05,8.28
karratha,AU,1572018259,-20.74,116.85,0,69,79.39,16.64
geraldton,CA,1572017969,49.72,-86.95,75,65,32.0,8.05
san policarpo,PH,1572018260,12.18,125.51,0,82,81.93,10.0
novaya bryan,RU,1572018260,51.72,108.27,0,78,17.6,4.47
montecristi,EC,1572018261,-1.05,-80.66,75,88,73.4,10.29
razole,IN,1572018261,16.48,81.84,100,94,74.26,2.17
kiruna,SE,1572018261,67.86,20.23,90,100,26.6,9.17
innisfail,AU,1572018094,-17.52,146.03,100,88,72.48,2.73
lavrentiya,RU,1572018261,65.58,-170.99,94,65,23.31,5.77
banda aceh,ID,1572018261,5.56,95.32,44,93,73.94,2.91
gidole,ET,1572018262,5.65,37.37,17,65,74.26,5.26
gambela,ET,1572018262,8.25,34.59,28,72,81.46,0.65
guerrero negro,MX,1572018262,27.97,-114.04,0,18,75.22,0.94
dakar,SN,1572018263,14.69,-17.45,20,66,91.4,4.7
broome,GB,1572018263,52.47,1.45,75,87,60.01,12.75
iqaluit,CA,1572018263,63.75,-68.52,90,99,33.8,11.41
yaring,TH,1572018264,6.87,101.37,20,100,77.0,2.24
codrington,AU,1572018264,-28.95,153.24,0,81,68.0,4.7
kiama,AU,1572018264,-34.67,150.86,100,41,75.99,17.22
antofagasta,CL,1572018264,-23.65,-70.4,20,67,62.6,10.29
avera,US,1572018265,33.19,-82.53,75,64,77.0,6.93
moranbah,AU,1572018050,-22.0,148.04,0,90,64.17,10.29
san isidro,CR,1572018265,10.02,-84.06,75,61,79.0,4.7
kpandae,GH,1572018265,8.46,-0.01,100,69,85.05,1.66
chokurdakh,RU,1572018265,70.62,147.9,0,94,-7.21,6.24
naze,NG,1572018265,5.43,7.07,75,66,87.8,11.41
sibolga,ID,1572018265,1.74,98.78,99,98,71.49,1.95
lompoc,US,1572018265,34.64,-120.46,1,37,75.99,6.93
tecolutilla,MX,1572018266,18.28,-93.32,90,100,78.8,4.21
los llanos de aridane,ES,1572018266,28.66,-17.92,20,73,75.0,2.24
ihosy,MG,1572018266,-22.4,46.13,100,26,86.09,2.62
warwick,US,1572018108,41.7,-71.42,75,59,64.0,3.2
corn island,NI,1572018266,12.17,-83.04,70,76,82.29,7.9
sisimiut,GL,1572018266,66.94,-53.67,33,68,30.43,11.1
hammerfest,NO,1572018267,70.66,23.68,75,91,33.8,35.57
wollongong,AU,1572018267,-34.42,150.89,100,24,80.6,10.29
linhares,BR,1572018267,-19.38,-40.06,90,66,84.81,6.11
nome,US,1572018267,30.04,-94.42,90,100,64.4,9.17
agadez,NE,1572018267,16.97,7.99,0,15,96.8,16.11
lubango,AO,1572018268,-14.92,13.49,75,36,78.8,2.24
baiyin,CN,1572018268,36.55,104.13,59,69,35.6,4.47
chauk,MM,1572018268,20.89,94.82,58,82,77.43,6.82
longyearbyen,NO,1572018268,78.22,15.63,75,79,21.2,4.7
aklavik,CA,1572017973,68.22,-135.01,75,92,17.6,5.82
mackay,CA,1572018268,53.65,-115.58,90,100,37.4,10.29
bethel,US,1572018268,60.79,-161.76,90,92,24.8,5.82
mehamn,NO,1572018268,71.03,27.85,75,77,33.8,16.11
inhambane,MZ,1572018054,-23.87,35.38,40,83,82.4,16.11
tuatapere,NZ,1572018269,-46.13,167.69,76,76,40.8,5.06
chute-aux-outardes,CA,1572018269,49.12,-68.38,40,61,46.4,11.41
gushikawa,JP,1572018269,26.35,127.87,75,73,75.2,11.41
tiksi,RU,1572018269,71.64,128.87,0,87,6.03,10.38
jardim,BR,1572018269,-21.48,-56.15,28,15,112.41,0.74
palembang,ID,1572018269,-2.99,104.76,72,79,76.15,2.8
mahebourg,MU,1572018257,-20.41,57.7,75,83,77.0,9.17
urusha,RU,1572018269,54.05,122.9,0,86,18.72,1.28
ahipara,NZ,1572018270,-35.17,173.16,0,98,50.0,18.59
beringovskiy,RU,1572018270,63.05,179.32,86,81,17.91,23.38
boguchany,RU,1572018270,58.38,97.46,100,96,29.32,2.3
santa barbara,US,1572018270,34.42,-119.7,1,37,82.4,6.64
kurilsk,RU,1572018270,45.23,147.88,100,83,44.67,14.05
aitape,PG,1572018270,-3.15,142.36,100,79,80.82,9.93
haines junction,CA,1572018270,60.75,-137.51,100,93,22.95,3.65
mao,DO,1572018036,19.55,-71.08,40,83,87.8,11.41
camopi,GF,1572018270,3.17,-52.33,0,33,96.58,3.89
north bend,US,1572018023,43.41,-124.22,1,93,52.0,2.44
zomba,MW,1572018271,-15.39,35.33,58,21,94.23,5.84
tahe,CN,1572018271,52.34,124.71,0,76,20.07,3.15
bourail,NC,1572018271,-21.57,165.5,67,78,61.34,2.57
monterey,US,1572018271,36.6,-121.89,1,27,71.01,4.59
veraval,FR,1572018271,49.65,0.71,90,87,63.0,17.22
san jeronimo,PE,1572018271,-13.65,-73.37,40,71,55.4,11.41
rockhampton,AU,1572018272,-23.38,150.51,1,77,64.4,3.44
bubaque,GW,1572018272,11.28,-15.83,24,66,82.78,1.92
lebedyn,UA,1572018272,50.58,34.48,0,69,52.84,3.71
caravelas,BR,1572018272,-17.73,-39.27,100,70,82.87,4.43
miastko,PL,1572018272,54.0,16.98,99,78,60.01,8.21
kropotkin,RU,1572018272,45.43,40.58,76,42,66.0,3.91
lambarene,GA,1572018272,-0.7,10.22,100,92,79.18,4.83
rumonge,BI,1572018273,-3.97,29.44,64,81,74.35,2.1
hobyo,SO,1572018273,5.35,48.53,50,72,82.02,10.16
suez,EG,1572018273,29.97,32.54,1,43,78.96,13.6
mareeba,AU,1572018273,-16.99,145.42,40,73,75.2,4.7
san patricio,PY,1572018273,-26.98,-56.83,0,45,81.57,7.96
sept-iles,CA,1572018077,50.2,-66.38,90,70,45.0,13.87
puksoozero,RU,1572018273,62.59,40.61,100,92,44.73,12.06
zhigansk,RU,1572018274,66.77,123.37,100,92,12.9,11.61
dryden,CA,1572018274,49.79,-92.84,75,74,37.4,14.99
roquetas de mar,ES,1572018274,36.76,-2.61,11,68,70.0,4.7
kokopo,PG,1572018274,-4.34,152.27,98,78,82.36,9.4
san jose de guanipa,VE,1572018274,8.89,-64.17,92,63,84.61,9.8
bilibino,RU,1572018274,68.06,166.44,100,93,-1.92,2.28
tarko-sale,RU,1572018274,64.92,77.78,98,87,24.01,13.53
marsh harbour,BS,1572018014,26.54,-77.06,18,81,80.47,18.84
takoradi,GH,1572018274,4.89,-1.75,70,81,81.72,15.32
mount gambier,AU,1572018274,-37.83,140.78,97,93,46.4,14.99
clyde river,CA,1572018275,70.47,-68.59,75,100,33.8,3.36
tura,RU,1572018275,64.27,100.22,98,96,18.82,3.36
mahon,IE,1572018275,51.89,-8.4,75,93,45.0,8.05
ulladulla,AU,1572018275,-35.36,150.48,100,41,75.2,17.22
karacakoy,TR,1572018275,41.4,28.38,5,77,66.2,13.87
ruteng,ID,1572018275,-8.61,120.46,100,71,66.78,3.42
constantine,DZ,1572018276,36.36,6.61,75,82,57.2,9.17
port hedland,AU,1572018276,-20.31,118.58,0,88,75.2,8.05
ponta do sol,BR,1572018276,-20.63,-46.0,0,50,84.18,5.3
saskylakh,RU,1572018277,71.97,114.09,0,89,5.92,12.19
toro,ES,1572018277,41.52,-5.39,39,59,71.01,2.24
gumrak,RU,1572018277,48.78,44.38,0,62,53.6,8.95
santa cruz,BR,1572018277,-6.22,-36.02,0,30,94.23,14.05
dong hoi,VN,1572018277,17.48,106.6,47,87,75.29,3.56
hami,CN,1572017978,42.84,93.51,0,20,42.44,6.49
anshun,CN,1572018278,26.25,105.93,100,95,53.19,7.2
ciudad bolivar,VE,1572018278,8.12,-63.55,90,58,86.68,8.75
murakami,JP,1572018278,38.29,139.58,100,85,57.31,15.17
charters towers,AU,1572018278,-20.07,146.27,12,95,64.35,5.35
myre,SE,1572018278,62.25,17.37,72,87,45.0,21.92
izhma,RU,1572018278,65.01,53.91,100,95,28.8,2.86
kuminskiy,RU,1572018279,58.67,66.57,100,97,35.11,7.92
ust-kut,RU,1572018279,56.78,105.75,99,98,28.6,5.37
santa maria,BR,1572018249,-16.02,-48.01,20,48,84.99,9.17
manta,RO,1572018279,45.1,24.1,0,43,64.4,4.25
moron,HT,1572018033,18.56,-74.26,100,68,81.52,3.65
ternate,PH,1572018279,14.29,120.72,20,78,82.0,4.7
sungairaya,ID,1572018279,0.7,108.9,100,90,76.89,3.18
komsomolskiy,RU,1572018279,67.55,63.78,59,92,19.17,15.01
talmenka,RU,1572018279,53.82,83.56,40,87,32.0,8.95
kyabe,TD,1572018280,9.45,18.94,97,81,80.1,3.2
toora-khem,RU,1572018280,52.47,96.11,100,89,27.93,6.49
sandpoint,US,1572018280,48.28,-116.55,40,86,44.01,2.95
kaitangata,NZ,1572018280,-46.28,169.85,99,79,48.36,9.73
oudtshoorn,ZA,1572018280,-33.59,22.2,75,82,62.6,8.05
itupiranga,BR,1572018280,-5.13,-49.33,40,62,89.6,4.7
dombarovskiy,RU,1572018280,50.76,59.54,98,87,49.78,6.55
aswan,EG,1572018280,24.09,32.9,0,21,81.3,5.93
moose factory,CA,1572018281,51.26,-80.61,90,80,32.0,5.82
nueve de julio,AR,1572018281,-31.67,-68.39,29,35,79.61,12.88
hofn,IS,1572018281,64.25,-15.21,20,55,35.6,33.33
monte patria,CL,1572018281,-30.69,-70.96,58,17,79.56,7.14
anaconda,US,1572018282,46.13,-112.94,1,92,35.01,4.7
georgiyevka,RU,1572018282,52.25,40.45,0,68,50.5,4.47
pirayu,PY,1572018282,-25.48,-57.23,75,35,87.8,3.36
port moresby,PG,1572018283,-9.47,147.16,20,94,77.0,3.36
soma,JP,1572018283,37.8,140.92,100,95,64.99,30.29
alta floresta,BR,1572018283,-9.87,-56.08,75,66,87.8,4.7
zaterechnyy,RU,1572018284,44.8,45.21,33,43,58.91,7.81
klaksvik,FO,1572018284,62.23,-6.59,93,87,44.6,10.29
atar,MR,1572018285,20.52,-13.05,9,18,99.68,14.7
tuy hoa,VN,1572018285,13.08,109.3,0,80,81.7,10.33
bichena,ET,1572018285,10.45,38.2,16,71,56.07,3.11
ilam,IR,1572018285,33.64,46.42,90,93,55.4,6.93
alofi,NU,1572018285,-19.06,-169.92,75,100,71.6,2.24
ler,NO,1572018286,63.2,10.3,75,81,44.6,19.46
la romana,DO,1572018286,18.43,-68.97,40,79,86.0,11.41
san quintin,PH,1572018286,17.54,120.52,0,84,72.93,5.59
burns lake,CA,1572018006,54.23,-125.76,83,81,34.79,11.68
san angelo,US,1572018286,31.46,-100.44,1,49,46.99,21.92
storforshei,NO,1572018286,66.4,14.52,75,100,41.0,2.24
markova,RU,1572018287,52.21,104.21,100,69,33.8,6.71
asyut,EG,1572018287,27.18,31.19,0,30,78.12,10.6
marialva,BR,1572018288,-23.48,-51.8,20,31,98.01,11.41
youghal,IE,1572018288,51.95,-7.85,75,93,46.99,8.05
esna,RO,1572018288,45.2,27.57,40,87,59.0,2.24
aykhal,RU,1572018288,65.95,111.51,90,85,12.2,6.71
curuca,BR,1572018288,-2.52,-61.06,8,76,84.38,1.48
auki,NG,1572018288,12.18,6.51,70,20,94.24,7.05
saint-augustin,CA,1572018289,45.63,-73.98,75,100,48.99,2.24
nanortalik,GL,1572018289,60.14,-45.24,100,70,36.57,19.15
uglegorsk,RU,1572018289,49.08,142.06,100,83,44.4,11.01
labuhan,ID,1572018289,-2.54,115.51,87,88,75.18,2.1
rawson,AR,1572018291,-43.3,-65.11,0,60,56.86,2.42
coihaique,CL,1572018291,-45.58,-72.07,75,62,55.4,4.7
warmbad,DE,1572018291,50.67,13.08,40,67,61.0,4.7
jadu,LY,1572018291,31.95,12.03,89,57,69.87,10.51
kawalu,ID,1572018291,-7.38,108.21,48,92,68.88,1.86
san antonio,CL,1572018291,-33.58,-71.61,100,55,68.0,6.93
arona,IT,1572018292,45.76,8.56,4,64,70.0,2.24
college,US,1572018292,64.86,-147.8,90,100,30.2,3.53
terrace,CA,1572018292,54.52,-128.61,75,100,39.2,4.7
blomberg,DE,1572018292,51.94,9.09,75,62,61.0,11.41
gonda,IN,1572018292,27.13,81.96,13,75,70.83,5.88
portland,US,1572018293,43.66,-70.25,90,66,55.0,6.06
lac du bonnet,CA,1572018293,50.25,-96.06,97,100,39.99,11.68
acapulco,MX,1572018295,16.86,-99.88,75,83,80.6,0.22
nobeoka,JP,1572018295,32.66,131.66,74,89,59.52,3.4
nouadhibou,MR,1572018043,20.93,-17.03,4,38,91.4,8.05
plettenberg bay,ZA,1572018296,-34.05,23.37,82,81,63.91,2.77
kisanga,CD,1572018296,-11.72,27.4,100,29,85.01,2.64
luderitz,NA,1572018297,-26.65,15.16,41,56,69.8,9.17
durango,MX,1572018297,24.02,-104.67,5,41,59.0,12.75
kasongo-lunda,CD,1572018297,-6.48,16.82,97,69,80.98,3.96
severo-kurilsk,RU,1572018297,50.68,156.12,0,81,31.35,6.46
baherden,TM,1572018297,38.44,57.43,68,27,64.2,7.36
gladstone,AU,1572018297,-23.84,151.26,40,72,68.0,5.82
doha,QA,1572018028,25.29,51.53,20,55,89.6,8.05
manado,ID,1572018298,1.49,124.85,40,94,75.2,2.98
port keats,AU,1572018298,-14.25,129.55,66,78,81.68,10.67
groningen,NL,1572018298,53.22,6.57,90,76,57.99,9.17
chateauroux,FR,1572018298,43.72,0.65,0,88,68.0,9.17
tres arroyos,AR,1572018298,-38.38,-60.28,0,28,77.07,15.97
hamilton,CA,1572018087,43.26,-79.87,90,70,53.01,3.36
turayf,SA,1572018299,31.68,38.65,40,68,71.6,18.34
swellendam,ZA,1572018299,-34.02,20.44,98,87,57.2,6.93
nishihara,JP,1572018299,35.74,139.53,20,87,63.0,8.05
port macquarie,AU,1572018299,-31.43,152.91,68,59,66.2,18.34
saint-ambroise,CA,1572018299,48.56,-71.32,75,80,42.8,11.41
paita,PE,1572018299,-5.09,-81.11,32,100,62.6,16.11
malartic,CA,1572018300,48.14,-78.13,75,68,36.0,8.05
homer,US,1572018300,59.64,-151.54,20,60,41.0,20.8
bismil,TR,1572018300,37.85,40.66,60,55,68.0,4.7
batemans bay,AU,1572018300,-35.71,150.18,100,86,60.01,7.0
long beach,US,1572018114,30.35,-89.15,90,94,73.4,6.93
rocha,UY,1572018301,-34.48,-54.34,0,58,73.58,13.09
jingdezhen,CN,1572018301,29.29,117.2,100,84,58.51,3.85
claremorris,IE,1572018301,53.72,-9.0,75,93,45.0,2.24
port hardy,CA,1572018301,50.7,-127.42,40,93,44.6,8.05
mahibadhoo,MV,1572018302,3.78,72.97,84,73,82.26,17.29
mayumba,GA,1572018302,-3.44,10.65,100,87,77.76,13.98
kresttsy,RU,1572018302,58.25,32.52,0,77,49.46,10.67
lixourion,GR,1572018302,38.2,20.43,100,57,75.2,3.62
makakilo city,US,1572018303,21.35,-158.09,1,88,78.8,3.36
kamenka,MD,1572018304,48.03,28.7,0,95,46.99,1.99
itigi,TZ,1572018304,-5.7,34.5,3,37,81.84,12.53
solnechnyy,RU,1572018305,50.72,136.64,100,79,38.97,3.49
nikolsk,RU,1572018305,59.53,45.45,99,92,42.93,8.3
lokomotivnyy,RU,1572018305,53.01,60.57,86,88,45.36,10.31
renfrew,CA,1572018306,45.47,-76.68,100,84,48.99,3.0
abu dhabi,AE,1572018116,24.47,54.37,0,58,87.8,5.82
mercedes,UY,1572018306,-33.25,-58.03,0,62,74.89,9.17
jasper,US,1572018306,33.83,-87.28,90,100,61.0,6.44
chiredzi,ZW,1572018306,-21.05,31.67,0,11,106.2,14.41
ondjiva,AO,1572018306,-17.07,15.73,20,8,95.0,4.7
taoudenni,ML,1572018307,22.68,-3.98,32,8,94.05,17.18
deputatskiy,RU,1572018307,69.3,139.9,0,80,-3.73,3.06
anloga,GH,1572018307,5.79,0.9,62,71,83.5,11.32
collie,AU,1572018308,-33.36,116.15,9,67,54.0,3.09
batken,KG,1572018309,40.06,70.82,0,41,46.42,0.74
busayra,JO,1572018309,30.74,35.61,0,38,66.34,1.79
pionerskiy,RU,1572018309,61.2,62.86,99,96,32.4,5.97
wajir,KE,1572018125,1.75,40.07,66,48,89.76,4.34
san cristobal,HN,1572018309,14.68,-86.92,72,75,74.89,2.57
maragogi,BR,1572018310,-9.01,-35.22,43,73,78.53,11.03
koumac,NC,1572018310,-20.56,164.28,67,85,61.29,4.7
tirodi,IN,1572018310,21.68,79.73,82,86,69.31,4.38
banepa,NP,1572018311,27.63,85.52,75,87,60.8,3.36
pucallpa,PE,1572018311,-8.38,-74.54,82,38,94.26,2.71
hope,US,1572018310,33.67,-93.59,90,100,54.0,8.05
brownsville,US,1572018312,25.91,-97.49,90,58,57.99,29.97
ancud,CL,1572018312,-41.87,-73.83,90,100,51.8,11.41
traverse city,US,1572018036,44.76,-85.62,90,65,46.4,5.82
lesnoy,RU,1572018312,59.78,52.13,100,92,41.61,8.72
yamada,JP,1572018313,36.58,137.08,75,93,61.0,3.36
araouane,ML,1572018313,18.9,-3.53,0,16,100.31,14.32
sargatskoye,RU,1572018313,55.6,73.49,100,81,34.7,8.3
pitimbu,BR,1572018313,-7.47,-34.81,20,48,87.8,16.11
mersing,MY,1572018313,2.43,103.84,100,71,84.31,7.58
lasa,CY,1572018314,34.92,32.53,20,60,75.2,10.29
ca mau,VN,1572018314,9.18,105.15,49,89,77.41,4.34
vigia del fuerte,CO,1572018314,6.58,-76.89,65,71,83.14,2.44
severo-yeniseyskiy,RU,1572018314,60.37,93.04,100,93,19.6,4.68
oyama,JP,1572018314,36.31,139.8,90,93,64.99,5.82
ous,RU,1572018314,60.91,61.52,93,95,31.44,4.27
chara,GR,1572018314,39.42,22.43,0,60,77.0,5.82
basavana bagevadi,IN,1572018314,16.57,75.97,84,85,73.6,9.51
lucea,JM,1572018315,18.44,-78.17,20,70,84.2,10.29
skegness,GB,1572018315,53.14,0.34,75,93,57.99,24.16
ati,TD,1572018315,13.21,18.34,1,29,96.44,5.79
matara,BI,1572018315,-3.48,29.48,73,87,66.06,3.38
vienna,AT,1572018166,48.21,16.37,91,55,66.99,6.93
wajima,JP,1572018315,37.4,136.9,35,86,62.08,5.03
kiili,EE,1572018316,59.31,24.84,90,93,54.0,13.87
katsuura,JP,1572018316,33.93,134.5,75,77,68.0,11.41
hastings,NZ,1572018209,-39.64,176.84,100,79,47.53,5.3
hambantota,LK,1572018316,6.12,81.12,90,100,75.2,5.82
northport,US,1572018316,33.23,-87.58,90,93,63.0,6.93
bonthe,SL,1572018316,7.53,-12.5,43,68,85.1,11.25
areosa,PT,1572018317,41.72,-8.86,0,46,70.0,6.93
san rafael,AR,1572018317,-34.61,-68.33,57,27,69.66,10.38
tabou,CI,1572018317,4.42,-7.36,100,86,79.54,3.6
wanlaweyn,SO,1572018317,2.62,44.89,92,64,84.02,16.02
weatherford,US,1572018054,32.76,-97.8,90,93,46.4,16.11
jinchang,CN,1572018317,38.52,102.19,0,38,36.75,2.82
santa rosa,AR,1572018317,-36.62,-64.29,0,16,81.73,3.6
laguna,BZ,1572018318,16.17,-88.94,20,74,86.0,4.7
loanda,BR,1572018318,-22.93,-53.14,3,35,90.01,6.4
jacareacanga,BR,1572018318,-6.22,-57.76,90,94,75.2,3.36
lahij,YE,1572018318,13.06,44.88,0,47,84.54,9.69
sampit,ID,1572018318,-2.54,112.95,0,94,75.85,2.53
motygino,RU,1572018318,58.18,94.69,100,94,30.27,17.02
lucapa,AO,1572018318,-8.42,20.74,63,59,84.45,1.03
tam ky,VN,1572018319,15.57,108.48,75,94,77.0,3.36
muros,ES,1572018319,42.77,-9.06,20,68,68.0,11.41
sorong,ID,1572018319,-0.86,131.25,99,98,72.84,1.39
fuzhou,CN,1572018319,26.08,119.3,20,68,71.6,8.95
emirdag,TR,1572018319,39.02,31.15,0,35,59.81,4.76
kailua,US,1572018060,21.39,-157.74,20,74,78.8,3.36
namwala,ZM,1572018319,-15.75,26.45,100,16,98.04,3.6
bandrele,YT,1572018319,-12.91,45.19,20,78,80.6,5.82
jutai,BR,1572018320,-1.71,-47.89,1,40,96.67,3.71
akcaabat,TR,1572018320,41.02,39.57,75,77,68.0,2.24
zasheyek,RU,1572018320,67.41,32.55,100,86,30.99,8.28
poya,NC,1572018320,-21.35,165.16,59,72,68.27,7.81
konstantinovskoye,RU,1572018320,45.3,42.64,20,62,55.4,11.18
faro,PT,1572018120,37.02,-7.94,95,64,73.99,12.75
hounde,BF,1572018320,11.5,-3.52,0,24,97.99,10.31
sao joao del rei,BR,1572018321,-21.14,-44.26,75,45,82.4,4.7
atkinson,US,1572018321,41.42,-90.02,75,62,46.0,4.05
voznesenye,RU,1572018321,61.02,35.48,96,70,48.09,13.35
hun,BE,1572018321,50.34,4.87,75,72,60.01,17.22
port-gentil,GA,1572018321,-0.72,8.78,40,74,84.2,11.41
namatanai,PG,1572018322,-3.66,152.44,100,77,82.53,6.26
camacha,PT,1572018322,33.08,-16.33,20,64,71.6,11.41
biak,ID,1572018322,-0.91,122.88,100,72,82.36,3.78
orissaare,EE,1572018322,58.56,23.08,75,93,55.4,12.75
koltubanovskiy,RU,1572018323,52.94,52.03,0,79,48.47,2.17
jumla,NP,1572018323,29.28,82.18,1,94,39.0,3.33
jieshi,CN,1572018323,22.82,115.83,46,73,77.0,6.11
keffi,NG,1572018324,8.85,7.88,40,62,86.0,8.05
itarema,BR,1572018324,-2.92,-39.92,0,36,94.75,16.08
pachino,IT,1572018324,36.72,15.09,0,63,66.2,10.29
etaples,FR,1572018325,50.52,1.63,90,93,62.01,11.41
bambanglipuro,ID,1572018325,-7.95,110.28,37,94,72.46,1.39
borogontsy,RU,1572018325,62.67,131.17,100,94,15.49,5.61
luang prabang,LA,1572018325,19.89,102.14,31,91,69.33,1.41
oktyabrskiy,RU,1572018325,55.61,37.97,49,70,50.0,6.71
poyarkovo,RU,1572018325,49.62,128.65,100,88,29.32,10.2
popondetta,PG,1572018325,-8.77,148.24,100,96,65.01,1.81
guanare,VE,1572018325,9.04,-69.74,25,69,85.89,1.97
chifeng,CN,1572018325,42.27,118.96,0,55,30.33,4.59
rawlins,US,1572018326,41.79,-107.24,1,51,39.2,13.87
zadar,HR,1572018326,44.12,15.24,40,64,70.0,5.82
prainha,BR,1572018326,-1.8,-53.48,98,36,97.74,5.73
te anau,NZ,1572018326,-45.41,167.72,90,71,43.56,9.28
semirom,IR,1572018326,31.41,51.57,98,89,41.0,3.71
pavlodar,KZ,1572018326,52.28,76.96,100,80,39.2,6.71
xam nua,LA,1572018326,20.42,104.04,55,99,64.11,2.8
sayansk,RU,1572018326,54.11,102.18,100,73,34.18,7.96
maralal,KE,1572018327,1.1,36.7,0,62,71.78,15.68
omboue,GA,1572018327,-1.57,9.26,100,85,80.15,7.7
arsenyev,RU,1572018327,44.16,133.27,97,93,46.78,1.12
pombia,GR,1572018327,35.01,24.87,20,73,73.99,8.05
bideford,GB,1572018328,51.02,-4.21,100,93,60.01,17.0
maldonado,UY,1572018328,-34.91,-54.96,20,49,73.4,12.75
dawei,MM,1572018328,14.07,98.19,80,73,84.74,1.86
xining,CN,1572018328,36.62,101.77,97,66,33.3,5.86
mandalgovi,MN,1572018328,45.76,106.27,0,28,31.46,12.55
polunochnoye,RU,1572018328,60.87,60.43,99,94,30.58,2.48
lopatyn,UA,1572018329,50.22,24.84,99,65,59.23,4.38
